{"cameraMode":{"drawMode":0,"name":"Shaded","section":"Shading Mode"},"sceneLighting":true,"audioPlay":false,"sceneViewState":{"showFog":true,"showMaterialUpdate":false,"showSkybox":true,"showFlares":true,"showImageEffects":true,"showParticleSystems":true},"in2DMode":false,"pivot":{"x":-0.41207975149154665,"y":0.2152571976184845,"z":-0.052898868918418887},"rotation":{"x":-0.0030327572021633388,"y":0.9943323135375977,"z":-0.10208623111248017,"w":-0.029539451003074647},"size":24.05938148498535,"orthographic":false}