{"cameraMode":{"drawMode":0,"name":"Shaded","section":"Shading Mode"},"sceneLighting":false,"audioPlay":false,"sceneViewState":{"showFog":true,"showMaterialUpdate":false,"showSkybox":true,"showFlares":true,"showImageEffects":true,"showParticleSystems":true},"in2DMode":false,"pivot":{"x":-0.419263631105423,"y":0.9694147109985352,"z":-0.3213171064853668},"rotation":{"x":-0.0030327572021633388,"y":0.9943323135375977,"z":-0.10208623111248017,"w":-0.029539451003074647},"size":5.828258514404297,"orthographic":false}